KNN,11,0.998,0:00:16.365902
KNN,11,0.997,0:00:16.123910
KNN,11,0.998,0:00:16.019156
KNN,11,0.994,0:00:15.944359
KNN,11,0.996,0:00:15.767859
KNN,11,0.997,0:00:15.924393
KNN,11,0.995,0:00:16.029134
KNN,11,0.998,0:00:16.014202
KNN,11,0.998,0:00:16.012177
KNN,11,0.997,0:00:15.884630
KNN,11,0.997,0:00:15.768825
KNN,11,0.999,0:00:15.888503
KNN,11,0.992,0:00:16.168785
KNN,11,0.998,0:00:15.911442
KNN,11,0.994,0:00:15.910422
KNN,11,0.998,0:00:16.015198
KNN,11,0.994,0:00:15.869563
KNN,11,0.994,0:00:16.016194
KNN,11,0.994,0:00:16.012204
KNN,11,0.997,0:00:16.062045
KNN,11,0.999,0:00:15.815697
KNN,11,0.996,0:00:15.827643
KNN,11,0.997,0:00:15.974278
KNN,11,0.997,0:00:15.924443
KNN,11,0.995,0:00:16.038136
KNN,11,0.995,0:00:15.999211
KNN,11,0.996,0:00:15.796732
KNN,11,0.997,0:00:15.945360
KNN,11,0.991,0:00:16.017165
KNN,11,1.0,0:00:15.846620
KNN,11,0.994,0:00:15.898482
KNN,11,0.996,0:00:15.930393
KNN,11,0.994,0:00:16.055035
KNN,11,0.996,0:00:16.093958
KNN,11,0.994,0:00:15.894493
KNN,11,0.999,0:00:15.968266
KNN,11,0.998,0:00:15.834650
KNN,11,0.993,0:00:15.797782
KNN,11,0.998,0:00:15.992257
KNN,11,0.995,0:00:16.159776
KNN,11,0.995,0:00:15.808749
KNN,11,0.999,0:00:16.074014
KNN,11,0.999,0:00:15.996307
KNN,11,0.996,0:00:15.805729
KNN,11,0.996,0:00:15.835649
KNN,11,0.994,0:00:15.944387
KNN,11,0.996,0:00:15.951340
KNN,11,0.998,0:00:16.121882
KNN,11,0.996,0:00:16.016167
KNN,11,0.999,0:00:16.037100
KNN,21,0.994,0:00:15.840672
KNN,21,0.996,0:00:15.927410
KNN,21,0.995,0:00:15.983255
KNN,21,0.995,0:00:15.992257
KNN,21,0.994,0:00:15.821661
KNN,21,0.995,0:00:16.168788
KNN,21,0.991,0:00:15.995225
KNN,21,0.994,0:00:15.967298
KNN,21,0.996,0:00:15.792795
KNN,21,0.997,0:00:15.979291
KNN,21,0.994,0:00:16.010183
KNN,21,0.996,0:00:16.020247
KNN,21,0.997,0:00:15.956355
KNN,21,0.996,0:00:16.067026
KNN,21,0.994,0:00:15.961340
KNN,21,0.998,0:00:16.055067
KNN,21,0.996,0:00:15.826704
KNN,21,0.993,0:00:15.984255
KNN,21,0.997,0:00:15.779803
KNN,21,0.997,0:00:15.901474
KNN,21,0.996,0:00:15.961336
KNN,21,0.998,0:00:15.988272
KNN,21,0.991,0:00:15.847622
KNN,21,0.995,0:00:15.932417
KNN,21,0.995,0:00:15.931396
KNN,21,0.997,0:00:15.979266
KNN,21,0.993,0:00:15.873548
KNN,21,0.997,0:00:15.989268
KNN,21,0.996,0:00:15.834657
KNN,21,0.998,0:00:15.669097
KNN,21,0.995,0:00:15.939401
KNN,21,0.995,0:00:15.860583
KNN,21,0.993,0:00:15.936380
KNN,21,0.995,0:00:15.830636
KNN,21,0.993,0:00:15.963336
KNN,21,0.997,0:00:15.876543
KNN,21,0.993,0:00:15.875543
KNN,21,0.996,0:00:15.912449
KNN,21,0.997,0:00:15.840666
KNN,21,0.997,0:00:15.949348
KNN,21,0.996,0:00:15.761875
KNN,21,0.998,0:00:15.833653
KNN,21,0.992,0:00:15.981255
KNN,21,0.989,0:00:15.817699
KNN,21,0.995,0:00:15.883523
KNN,21,0.995,0:00:15.895462
KNN,21,0.997,0:00:16.036114
KNN,21,0.997,0:00:15.710013
KNN,21,0.997,0:00:15.971361
KNN,21,0.998,0:00:15.742870
KNN,31,0.997,0:00:15.776807
KNN,31,0.997,0:00:15.728958
KNN,31,0.994,0:00:15.877537
KNN,31,0.993,0:00:15.813713
KNN,31,0.996,0:00:15.823654
KNN,31,0.998,0:00:15.869587
KNN,31,0.997,0:00:15.785814
KNN,31,0.998,0:00:15.863575
KNN,31,0.992,0:00:15.892526
KNN,31,0.994,0:00:15.905492
KNN,31,0.995,0:00:15.847621
KNN,31,0.994,0:00:15.747885
KNN,31,0.989,0:00:15.836652
KNN,31,0.995,0:00:15.715970
KNN,31,0.993,0:00:15.871581
KNN,31,0.993,0:00:15.782796
KNN,31,0.994,0:00:15.890533
KNN,31,0.998,0:00:15.793761
KNN,31,0.991,0:00:15.989239
KNN,31,0.994,0:00:15.745920
KNN,31,0.993,0:00:15.846648
KNN,31,0.994,0:00:15.955329
KNN,31,0.993,0:00:15.900453
KNN,31,0.994,0:00:15.786753
KNN,31,0.998,0:00:15.939399
KNN,31,0.995,0:00:15.789778
KNN,31,0.993,0:00:15.881522
KNN,31,0.994,0:00:15.837722
KNN,31,0.994,0:00:15.890510
KNN,31,0.995,0:00:15.927404
KNN,31,0.993,0:00:15.925413
KNN,31,0.999,0:00:15.841630
KNN,31,0.994,0:00:16.029135
KNN,31,0.994,0:00:16.010182
KNN,31,0.994,0:00:15.825677
KNN,31,0.994,0:00:15.799769
KNN,31,0.992,0:00:15.745878
KNN,31,0.995,0:00:16.049084
KNN,31,0.997,0:00:15.844621
KNN,31,0.996,0:00:15.759855
KNN,31,0.991,0:00:15.920428
KNN,31,0.992,0:00:16.095980
KNN,31,0.992,0:00:15.919420
KNN,31,0.992,0:00:15.826669
KNN,31,0.997,0:00:16.108891
KNN,31,0.991,0:00:16.628695
KNN,31,0.997,0:00:15.870557
KNN,31,0.996,0:00:15.827666
KNN,31,0.99,0:00:16.412113
KNN,31,0.993,0:00:16.230615
KNN,41,0.996,0:00:16.564695
KNN,41,0.989,0:00:17.909593
KNN,41,0.99,0:00:16.593650
KNN,41,0.991,0:00:16.700333
KNN,41,0.99,0:00:16.410107
KNN,41,0.994,0:00:16.069025
KNN,41,0.995,0:00:16.872705
KNN,41,0.989,0:00:16.934839
KNN,41,0.995,0:00:17.485001
KNN,41,0.988,0:00:17.089292
KNN,41,0.996,0:00:16.496353
KNN,41,0.989,0:00:16.536776
KNN,41,0.994,0:00:16.481453
KNN,41,0.992,0:00:16.696671
KNN,41,0.99,0:00:16.533979
KNN,41,0.992,0:00:16.519638
KNN,41,0.992,0:00:16.472137
KNN,41,0.991,0:00:16.289981
KNN,41,0.997,0:00:16.540645
KNN,41,0.993,0:00:16.468146
KNN,41,0.995,0:00:16.449682
KNN,41,0.99,0:00:16.516526
KNN,41,0.994,0:00:16.815408
KNN,41,0.991,0:00:17.025084
KNN,41,0.989,0:00:16.737025
KNN,41,0.992,0:00:16.366940
KNN,41,0.992,0:00:16.638596
KNN,41,0.988,0:00:16.598608
KNN,41,0.99,0:00:16.654985
KNN,41,0.996,0:00:17.382393
KNN,41,0.994,0:00:16.573744
KNN,41,0.994,0:00:16.439462
KNN,41,0.992,0:00:16.475018
KNN,41,0.99,0:00:17.000904
KNN,41,0.995,0:00:17.126627
KNN,41,0.991,0:00:16.600058
KNN,41,0.996,0:00:16.558415
KNN,41,0.994,0:00:16.417463
KNN,41,0.996,0:00:16.427808
KNN,41,0.992,0:00:16.737358
KNN,41,0.991,0:00:17.046171
KNN,41,0.992,0:00:16.584469
KNN,41,0.994,0:00:16.320116
KNN,41,0.991,0:00:16.436056
KNN,41,0.99,0:00:16.477304
KNN,41,0.989,0:00:16.853803
KNN,41,0.997,0:00:16.527267
KNN,41,0.996,0:00:16.731987
KNN,41,0.995,0:00:17.409623
KNN,41,0.993,0:00:16.651725
KNN,51,0.992,0:00:16.459722
KNN,51,0.991,0:00:16.600320
KNN,51,0.982,0:00:16.220339
KNN,51,0.989,0:00:16.039151
KNN,51,0.991,0:00:15.896642
KNN,51,0.991,0:00:16.135169
KNN,51,0.992,0:00:15.859455
KNN,51,0.99,0:00:16.241547
KNN,51,0.99,0:00:15.952952
KNN,51,0.989,0:00:16.211074
KNN,51,0.987,0:00:15.913635
KNN,51,0.987,0:00:16.266245
KNN,51,0.987,0:00:15.934393
KNN,51,0.99,0:00:15.918428
KNN,51,0.993,0:00:15.889510
KNN,51,0.994,0:00:16.658569
KNN,51,0.991,0:00:17.150887
KNN,51,0.985,0:00:17.118199
KNN,51,0.989,0:00:16.514667
KNN,51,0.987,0:00:16.782652
KNN,51,0.981,0:00:16.652478
KNN,51,0.984,0:00:17.794692
KNN,51,0.984,0:00:16.548467
KNN,51,0.988,0:00:16.343670
KNN,51,0.99,0:00:16.476487
KNN,51,0.985,0:00:16.557285
KNN,51,0.995,0:00:16.205065
KNN,51,0.998,0:00:16.564264
KNN,51,0.99,0:00:16.370420
KNN,51,0.994,0:00:16.569268
KNN,51,0.993,0:00:16.851275
KNN,51,0.987,0:00:16.797550
KNN,51,0.99,0:00:16.475008
KNN,51,0.985,0:00:16.683925
KNN,51,0.985,0:00:16.848593
KNN,51,0.988,0:00:16.659917
KNN,51,0.992,0:00:17.002709
KNN,51,0.989,0:00:16.673611
KNN,51,0.987,0:00:16.290854
KNN,51,0.983,0:00:16.624727
KNN,51,0.991,0:00:16.450614
KNN,51,0.987,0:00:16.388518
KNN,51,0.982,0:00:16.462896
KNN,51,0.981,0:00:16.318280
KNN,51,0.995,0:00:16.518812
KNN,51,0.992,0:00:16.295768
KNN,51,0.99,0:00:16.428143
KNN,51,0.992,0:00:16.554187
KNN,51,0.983,0:00:16.414315
KNN,51,0.995,0:00:16.450171
KNN,61,0.987,0:00:16.523058
KNN,61,0.987,0:00:16.861690
KNN,61,0.989,0:00:16.507980
KNN,61,0.993,0:00:16.816613
KNN,61,0.98,0:00:16.748525
KNN,61,0.986,0:00:16.723045
KNN,61,0.991,0:00:16.649716
KNN,61,0.984,0:00:16.752565
KNN,61,0.984,0:00:16.560489
KNN,61,0.981,0:00:16.423136
KNN,61,0.982,0:00:16.466690
KNN,61,0.978,0:00:16.633662
KNN,61,0.988,0:00:16.607991
KNN,61,0.988,0:00:16.881065
KNN,61,0.984,0:00:16.833133
KNN,61,0.98,0:00:16.811576
KNN,61,0.992,0:00:16.717018
KNN,61,0.979,0:00:16.647589
KNN,61,0.977,0:00:16.326454
KNN,61,0.988,0:00:16.348408
KNN,61,0.977,0:00:17.186199
KNN,61,0.986,0:00:16.290960
KNN,61,0.994,0:00:17.534898
KNN,61,0.982,0:00:16.837402
KNN,61,0.99,0:00:16.334146
KNN,61,0.979,0:00:16.475226
KNN,61,0.982,0:00:17.493259
KNN,61,0.983,0:00:16.965591
KNN,61,0.982,0:00:17.223344
KNN,61,0.989,0:00:16.203487
KNN,61,0.979,0:00:16.222052
KNN,61,0.985,0:00:16.198094
KNN,61,0.988,0:00:16.722169
KNN,61,0.989,0:00:16.850494
KNN,61,0.983,0:00:16.565388
KNN,61,0.985,0:00:16.559837
KNN,61,0.983,0:00:16.373292
KNN,61,0.982,0:00:16.302189
KNN,61,0.981,0:00:16.570800
KNN,61,0.985,0:00:16.461966
KNN,61,0.992,0:00:16.460638
KNN,61,0.987,0:00:16.520407
KNN,61,0.981,0:00:16.463815
KNN,61,0.992,0:00:16.766494
KNN,61,0.986,0:00:16.572733
KNN,61,0.979,0:00:16.453474
KNN,61,0.984,0:00:16.337093
KNN,61,0.984,0:00:16.568595
KNN,61,0.986,0:00:16.519458
KNN,61,0.985,0:00:16.699093
KNN,71,0.981,0:00:16.479567
KNN,71,0.979,0:00:17.494387
KNN,71,0.98,0:00:17.203694
KNN,71,0.987,0:00:16.627578
KNN,71,0.982,0:00:16.692866
KNN,71,0.971,0:00:16.633717
KNN,71,0.98,0:00:16.326394
KNN,71,0.982,0:00:16.711817
KNN,71,0.976,0:00:16.476797
KNN,71,0.981,0:00:16.463892
KNN,71,0.975,0:00:16.408668
KNN,71,0.99,0:00:16.545340
KNN,71,0.986,0:00:16.386682
KNN,71,0.978,0:00:16.647020
KNN,71,0.984,0:00:16.447472
KNN,71,0.985,0:00:16.383329
KNN,71,0.981,0:00:16.475795
KNN,71,0.984,0:00:17.488938
KNN,71,0.986,0:00:18.139974
KNN,71,0.984,0:00:16.941168
KNN,71,0.984,0:00:17.800730
KNN,71,0.983,0:00:16.185374
KNN,71,0.976,0:00:16.653781
KNN,71,0.978,0:00:16.697109
KNN,71,0.991,0:00:16.438577
KNN,71,0.972,0:00:16.290400
KNN,71,0.986,0:00:16.671057
KNN,71,0.981,0:00:16.640475
KNN,71,0.983,0:00:15.778829
KNN,71,0.981,0:00:16.019165
KNN,71,0.986,0:00:15.680133
KNN,71,0.982,0:00:15.750850
KNN,71,0.985,0:00:15.866590
KNN,71,0.984,0:00:15.786807
KNN,71,0.989,0:00:15.829674
KNN,71,0.991,0:00:15.780768
KNN,71,0.976,0:00:15.936375
KNN,71,0.976,0:00:15.729960
KNN,71,0.985,0:00:15.963308
KNN,71,0.985,0:00:15.890474
KNN,71,0.983,0:00:15.797723
KNN,71,0.99,0:00:15.744892
KNN,71,0.984,0:00:15.781770
KNN,71,0.986,0:00:15.980269
KNN,71,0.981,0:00:15.929406
KNN,71,0.979,0:00:15.677071
KNN,71,0.981,0:00:15.725943
KNN,71,0.982,0:00:15.990237
KNN,71,0.975,0:00:16.011211
KNN,71,0.98,0:00:16.076005
KNN,81,0.982,0:00:15.856594
KNN,81,0.987,0:00:15.966300
KNN,81,0.978,0:00:16.090959
KNN,81,0.981,0:00:15.846618
KNN,81,0.979,0:00:15.668097
KNN,81,0.971,0:00:15.918404
KNN,81,0.985,0:00:15.879526
KNN,81,0.983,0:00:15.882556
KNN,81,0.984,0:00:15.851609
KNN,81,0.979,0:00:16.021126
KNN,81,0.984,0:00:16.004193
KNN,81,0.98,0:00:15.904465
KNN,81,0.978,0:00:15.872576
KNN,81,0.975,0:00:15.942341
KNN,81,0.985,0:00:16.108890
KNN,81,0.984,0:00:15.836672
KNN,81,0.983,0:00:15.841614
KNN,81,0.978,0:00:16.001179
KNN,81,0.982,0:00:15.999212
KNN,81,0.986,0:00:15.918456
KNN,81,0.982,0:00:15.829694
KNN,81,0.979,0:00:15.768823
KNN,81,0.984,0:00:15.771821
KNN,81,0.976,0:00:15.991239
KNN,81,0.981,0:00:15.931391
KNN,81,0.987,0:00:15.813715
KNN,81,0.98,0:00:15.795779
KNN,81,0.983,0:00:15.916431
KNN,81,0.986,0:00:15.662113
KNN,81,0.979,0:00:15.927431
KNN,81,0.974,0:00:15.884520
KNN,81,0.98,0:00:15.997242
KNN,81,0.983,0:00:15.894487
KNN,81,0.981,0:00:15.959311
KNN,81,0.984,0:00:15.812718
KNN,81,0.988,0:00:15.906489
KNN,81,0.979,0:00:15.916441
KNN,81,0.981,0:00:15.905466
KNN,81,0.987,0:00:15.863605
KNN,81,0.975,0:00:15.827667
KNN,81,0.978,0:00:15.856566
KNN,81,0.977,0:00:15.959346
KNN,81,0.982,0:00:15.824686
KNN,81,0.985,0:00:15.931379
KNN,81,0.983,0:00:15.704028
KNN,81,0.987,0:00:15.965304
KNN,81,0.987,0:00:15.844623
KNN,81,0.978,0:00:15.862582
KNN,81,0.979,0:00:15.821690
KNN,81,0.98,0:00:15.716000
KNN,91,0.98,0:00:15.827665
KNN,91,0.98,0:00:15.807722
KNN,91,0.978,0:00:15.772817
KNN,91,0.983,0:00:15.819690
KNN,91,0.974,0:00:16.042086
KNN,91,0.977,0:00:16.247542
KNN,91,0.972,0:00:15.985274
KNN,91,0.971,0:00:15.963339
KNN,91,0.979,0:00:15.899450
KNN,91,0.978,0:00:15.955330
KNN,91,0.979,0:00:15.878562
KNN,91,0.979,0:00:16.081020
KNN,91,0.98,0:00:15.770858
KNN,91,0.979,0:00:15.767830
KNN,91,0.974,0:00:15.897486
KNN,91,0.984,0:00:15.966300
KNN,91,0.977,0:00:15.661114
KNN,91,0.979,0:00:15.983250
KNN,91,0.979,0:00:15.756833
KNN,91,0.98,0:00:15.648121
KNN,91,0.975,0:00:15.864544
KNN,91,0.975,0:00:15.940370
KNN,91,0.982,0:00:15.988240
KNN,91,0.983,0:00:15.877541
KNN,91,0.979,0:00:15.872525
KNN,91,0.978,0:00:15.898485
KNN,91,0.983,0:00:15.749884
KNN,91,0.98,0:00:16.003201
KNN,91,0.983,0:00:15.944331
KNN,91,0.981,0:00:15.849584
KNN,91,0.977,0:00:15.871553
KNN,91,0.979,0:00:15.928380
KNN,91,0.974,0:00:15.934384
KNN,91,0.973,0:00:15.986275
KNN,91,0.982,0:00:15.890475
KNN,91,0.975,0:00:15.807724
KNN,91,0.982,0:00:15.726910
KNN,91,0.978,0:00:15.896461
KNN,91,0.981,0:00:15.963285
KNN,91,0.992,0:00:15.910449
KNN,91,0.972,0:00:15.732894
KNN,91,0.981,0:00:15.918428
KNN,91,0.98,0:00:15.922416
KNN,91,0.972,0:00:15.853630
KNN,91,0.974,0:00:15.846621
KNN,91,0.983,0:00:16.023148
KNN,91,0.982,0:00:15.951342
KNN,91,0.978,0:00:16.039110
KNN,91,0.969,0:00:15.773843
KNN,91,0.977,0:00:15.779803
DCM,-,0.91,0:00:00.051838
DCM,-,0.919,0:00:00.044903
DCM,-,0.922,0:00:00.044908
DCM,-,0.911,0:00:00.044904
DCM,-,0.91,0:00:00.044880
DCM,-,0.901,0:00:00.044908
DCM,-,0.901,0:00:00.047855
DCM,-,0.912,0:00:00.044875
DCM,-,0.901,0:00:00.045877
DCM,-,0.904,0:00:00.044904
DCM,-,0.908,0:00:00.045879
DCM,-,0.898,0:00:00.045877
DCM,-,0.894,0:00:00.045878
DCM,-,0.916,0:00:00.046874
DCM,-,0.911,0:00:00.044905
DCM,-,0.908,0:00:00.044903
DCM,-,0.903,0:00:00.045850
DCM,-,0.909,0:00:00.044881
DCM,-,0.888,0:00:00.047852
DCM,-,0.909,0:00:00.045904
DCM,-,0.902,0:00:00.045847
DCM,-,0.892,0:00:00.044880
DCM,-,0.907,0:00:00.044875
DCM,-,0.895,0:00:00.044881
DCM,-,0.911,0:00:00.047851
DCM,-,0.917,0:00:00.045859
DCM,-,0.902,0:00:00.044877
DCM,-,0.899,0:00:00.045885
DCM,-,0.918,0:00:00.044880
DCM,-,0.895,0:00:00.045852
DCM,-,0.911,0:00:00.043905
DCM,-,0.909,0:00:00.044879
DCM,-,0.889,0:00:00.046902
DCM,-,0.911,0:00:00.045875
DCM,-,0.904,0:00:00.045901
DCM,-,0.905,0:00:00.046903
DCM,-,0.9,0:00:00.044885
DCM,-,0.907,0:00:00.045869
DCM,-,0.913,0:00:00.045877
DCM,-,0.905,0:00:00.045878
DCM,-,0.903,0:00:00.045874
DCM,-,0.906,0:00:00.045879
DCM,-,0.901,0:00:00.045878
DCM,-,0.889,0:00:00.045853
DCM,-,0.892,0:00:00.047871
DCM,-,0.903,0:00:00.045855
DCM,-,0.89,0:00:00.044879
DCM,-,0.905,0:00:00.045878
DCM,-,0.911,0:00:00.046897
DCM,-,0.906,0:00:00.045864
MLP,|[3, 3]|,0.987,2:35:19.202343
MLP,|[5, 5]|,0.993,0:53:08.158725
MLP,|[7, 7]|,0.908,0:04:35.589971
MLP,|[9, 9]|,0.997,1:12:19.825253
MLP,|[11, 11]|,0.999,1:13:34.216579
MLP,|[13, 13]|,0.995,0:13:32.802066
MLP,|[15, 15]|,0.996,1:55:06.424757
MLP,|[17, 17]|,0.999,1:17:06.804232
MLP,|[3, 3]|,0.93,0:13:17.961331
MLP,|[5, 5]|,0.998,1:11:05.171858
MLP,|[7, 7]|,0.996,1:12:40.025165
MLP,|[9, 9]|,1.0,1:13:12.556380
MLP,|[11, 11]|,0.997,0:54:21.149744
MLP,|[15, 15]|,0.996,1:16:57.342512
MLP,|[17, 17]|,0.997,1:17:58.476516
MLP,|[1, 1]|,0.734,0:13:42.904212,2405
MLP,|[3, 3]|,0.997,0:57:16.661030,9478
MLP,|[5, 5]|,0.996,1:13:36.672591,12001
MLP,|[7, 7]|,0.999,0:53:43.056650,8661
MLP,|[9, 9]|,0.999,0:17:10.389688,2727
MLP,|[11, 11]|,0.997,1:16:58.828286,12001
MLP,|[13, 13]|,0.998,1:02:51.590574,9685
MLP,|[1, 1]|,0.779,1:08:22.656397,12001
MLP,|[3, 3]|,0.998,1:12:42.158409,12001
MLP,|[5, 5]|,0.995,1:15:14.240980,12001
MLP,|[7, 7]|,0.998,0:37:33.297523,5859
MLP,|[9, 9]|,0.995,0:48:17.745625,7395
MLP,|[11, 11]|,0.997,1:17:03.814043,12001
MLP,|[13, 13]|,0.996,0:45:51.307318,6855
DCM,-,0.903,0:00:00.046872
DCM,-,0.891,0:00:00.047439
DCM,-,0.895,0:00:00.045900
DCM,-,0.909,0:00:00.045941
DCM,-,0.914,0:00:00.045900
DCM,-,0.913,0:00:00.045911
DCM,-,0.91,0:00:00.046901
DCM,-,0.904,0:00:00.044908
DCM,-,0.905,0:00:00.046223
DCM,-,0.902,0:00:00.046907
DCM,-,0.91,0:00:00.045907
DCM,-,0.894,0:00:00.045901
DCM,-,0.896,0:00:00.045875
DCM,-,0.905,0:00:00.045807
DCM,-,0.91,0:00:00.045908
DCM,-,0.91,0:00:00.059862
DCM,-,0.906,0:00:00.047379
DCM,-,0.903,0:00:00.045921
DCM,-,0.915,0:00:00.045877
DCM,-,0.909,0:00:00.045883
DCM,-,0.899,0:00:00.047872
DCM,-,0.913,0:00:00.046300
DCM,-,0.922,0:00:00.047034
DCM,-,0.911,0:00:00.044903
DCM,-,0.914,0:00:00.045900
DCM,-,0.902,0:00:00.045904
DCM,-,0.919,0:00:00.044981
DCM,-,0.903,0:00:00.045902
DCM,-,0.912,0:00:00.045901
DCM,-,0.9,0:00:00.046083
DCM,-,0.901,0:00:00.045872
DCM,-,0.912,0:00:00.044903
DCM,-,0.883,0:00:00.044904
DCM,-,0.904,0:00:00.045905
DCM,-,0.922,0:00:00.044938
DCM,-,0.911,0:00:00.049867
DCM,-,0.902,0:00:00.045876
DCM,-,0.9,0:00:00.045877
DCM,-,0.91,0:00:00.044903
DCM,-,0.91,0:00:00.050864
DCM,-,0.915,0:00:00.046898
DCM,-,0.901,0:00:00.047872
DCM,-,0.908,0:00:00.050394
DCM,-,0.903,0:00:00.045888
DCM,-,0.923,0:00:00.051890
DCM,-,0.903,0:00:00.045901
DCM,-,0.905,0:00:00.050865
DCM,-,0.921,0:00:00.081781
DCM,-,0.909,0:00:00.047991
DCM,-,0.892,0:00:00.061835
KNN,1,0.994,0:00:16.349328
KNN,1,0.999,0:00:16.056659
KNN,1,0.998,0:00:16.166063
KNN,1,0.997,0:00:16.428856
KNN,1,0.995,0:00:15.930296
KNN,1,0.998,0:00:15.870569
KNN,1,0.997,0:00:16.058379
KNN,1,0.999,0:00:15.852202
KNN,1,0.994,0:00:15.802020
KNN,1,0.998,0:00:15.649320
KNN,1,0.996,0:00:15.939068
KNN,1,0.997,0:00:15.755023
KNN,1,0.998,0:00:15.833806
KNN,1,0.998,0:00:15.984857
KNN,1,0.996,0:00:15.764265
KNN,1,0.997,0:00:16.043271
KNN,1,0.996,0:00:15.862319
KNN,1,0.996,0:00:15.737079
KNN,1,0.996,0:00:16.186520
KNN,1,0.996,0:00:16.472704
KNN,1,0.995,0:00:15.858359
KNN,1,0.997,0:00:15.665565
KNN,1,0.996,0:00:15.835573
KNN,1,0.999,0:00:15.661255
KNN,1,0.997,0:00:15.670808
KNN,1,0.997,0:00:16.134413
KNN,1,0.997,0:00:16.059335
KNN,1,0.998,0:00:15.615513
KNN,1,0.995,0:00:15.749080
KNN,1,0.994,0:00:15.649675
KNN,1,0.996,0:00:15.694310
KNN,1,0.997,0:00:15.820080
KNN,1,0.997,0:00:15.852539
KNN,1,0.997,0:00:15.635702
KNN,1,0.995,0:00:15.642221
KNN,1,0.994,0:00:15.692107
KNN,1,0.997,0:00:15.731312
KNN,1,0.994,0:00:15.691406
KNN,1,0.993,0:00:15.819130
KNN,1,0.999,0:00:16.001701
KNN,1,0.996,0:00:15.832901
KNN,1,0.996,0:00:15.927318
KNN,1,0.998,0:00:16.065061
KNN,1,0.995,0:00:15.955597
KNN,1,0.997,0:00:16.577769
KNN,1,0.999,0:00:15.886034
KNN,1,0.999,0:00:15.902057
KNN,1,0.997,0:00:15.906954
KNN,1,0.996,0:00:16.398740
KNN,1,0.997,0:00:16.390423
KNN,11,0.999,0:00:16.230371
KNN,11,0.998,0:00:15.725484
KNN,11,0.997,0:00:15.882056
KNN,11,0.997,0:00:15.985626
KNN,11,0.998,0:00:16.048876
KNN,11,0.998,0:00:15.636269
KNN,11,0.998,0:00:15.739847
KNN,11,0.995,0:00:16.077482
KNN,11,0.997,0:00:16.133980
KNN,11,0.995,0:00:16.012982
KNN,11,0.997,0:00:15.954797
KNN,11,0.999,0:00:15.957484
KNN,11,0.997,0:00:16.145114
KNN,11,0.997,0:00:16.275912
KNN,11,0.997,0:00:16.027808
KNN,11,0.997,0:00:16.029200
KNN,11,0.995,0:00:16.013733
KNN,11,0.993,0:00:16.219822
KNN,11,0.997,0:00:15.904431
KNN,11,0.997,0:00:15.936977
KNN,11,0.996,0:00:15.948882
KNN,11,1.0,0:00:16.010261
KNN,11,0.997,0:00:15.825910
KNN,11,0.996,0:00:15.953078
KNN,11,0.997,0:00:15.837400
KNN,11,0.998,0:00:16.056949
KNN,11,0.995,0:00:15.881363
KNN,11,0.995,0:00:15.881179
KNN,11,0.999,0:00:15.998842
KNN,11,0.998,0:00:15.891635
KNN,11,0.994,0:00:16.120776
KNN,11,0.997,0:00:16.263895
KNN,11,0.997,0:00:16.893469
KNN,11,0.999,0:00:16.422780
KNN,11,0.995,0:00:15.992199
KNN,11,0.996,0:00:16.010183
KNN,11,0.996,0:00:16.260572
KNN,11,0.998,0:00:16.337336
KNN,11,0.994,0:00:15.816672
KNN,11,0.999,0:00:15.878535
KNN,11,0.994,0:00:15.989301
KNN,11,0.995,0:00:15.815781
KNN,11,0.996,0:00:15.744927
KNN,11,0.998,0:00:15.983365
KNN,11,0.996,0:00:16.169857
KNN,11,0.996,0:00:15.815817
KNN,11,0.994,0:00:15.722975
KNN,11,0.996,0:00:15.973307
KNN,11,0.999,0:00:16.279489
KNN,11,0.995,0:00:16.070080
KNN,21,0.996,0:00:16.311458
KNN,21,0.996,0:00:15.633189
KNN,21,0.994,0:00:15.755989
KNN,21,0.996,0:00:15.538444
KNN,21,0.994,0:00:15.989239
KNN,21,0.99,0:00:15.858563
KNN,21,0.997,0:00:15.649177
KNN,21,0.997,0:00:15.970318
KNN,21,0.994,0:00:15.660142
KNN,21,0.991,0:00:16.008265
KNN,21,0.993,0:00:15.842717
KNN,21,0.995,0:00:15.765854
KNN,21,0.996,0:00:15.800780
KNN,21,0.997,0:00:15.817697
KNN,21,0.993,0:00:15.764816
KNN,21,0.997,0:00:15.779790
KNN,21,0.998,0:00:15.515530
KNN,21,0.998,0:00:15.508527
KNN,21,0.995,0:00:15.614272
KNN,21,0.993,0:00:15.898484
KNN,21,0.998,0:00:16.226604
KNN,21,0.995,0:00:15.852634
KNN,21,0.992,0:00:15.828639
KNN,21,0.996,0:00:15.785810
KNN,21,0.995,0:00:16.011174
KNN,21,0.997,0:00:15.722954
KNN,21,0.996,0:00:15.691040
KNN,21,0.998,0:00:15.762955
KNN,21,0.997,0:00:16.278472
KNN,21,0.993,0:00:15.900449
KNN,21,0.996,0:00:16.086951
KNN,21,0.992,0:00:15.955912
KNN,21,0.996,0:00:15.848487
KNN,21,0.992,0:00:16.110990
KNN,21,0.993,0:00:16.195759
KNN,21,0.998,0:00:15.847643
KNN,21,0.996,0:00:16.068096
KNN,21,0.997,0:00:15.883596
KNN,21,0.996,0:00:16.064152
KNN,21,0.999,0:00:16.284495
KNN,21,0.994,0:00:15.763146
KNN,21,0.999,0:00:15.860558
KNN,21,0.993,0:00:15.642169
KNN,21,0.994,0:00:15.654134
KNN,21,0.994,0:00:15.724942
KNN,21,0.997,0:00:15.604325
KNN,21,0.999,0:00:15.705022
KNN,21,0.998,0:00:15.758923
KNN,21,0.996,0:00:15.666125
KNN,21,0.997,0:00:15.990259
KNN,31,0.997,0:00:16.117931
KNN,31,0.99,0:00:15.700069
KNN,31,0.997,0:00:15.926415
KNN,31,0.992,0:00:16.029133
KNN,31,0.993,0:00:15.823681
KNN,31,0.993,0:00:15.804754
KNN,31,0.991,0:00:16.013210
KNN,31,0.994,0:00:15.671068
KNN,31,0.992,0:00:15.564476
KNN,31,0.996,0:00:16.129886
KNN,31,0.989,0:00:16.082047
KNN,31,0.993,0:00:16.421084
KNN,31,0.995,0:00:16.180726
KNN,31,0.998,0:00:16.409117
KNN,31,0.994,0:00:17.220979
KNN,31,0.99,0:00:16.066063
KNN,31,0.992,0:00:15.879561
KNN,31,0.998,0:00:16.019160
KNN,31,0.995,0:00:15.962316
KNN,31,0.991,0:00:16.294396
KNN,31,0.998,0:00:16.168758
KNN,31,0.993,0:00:16.051073
KNN,31,0.995,0:00:16.076006
KNN,31,0.995,0:00:16.042098
KNN,31,0.997,0:00:16.118891
KNN,31,0.997,0:00:16.352267
KNN,31,0.995,0:00:16.012178
KNN,31,0.993,0:00:15.882539
KNN,31,0.995,0:00:16.155794
KNN,31,0.994,0:00:16.354263
KNN,31,0.993,0:00:16.125873
KNN,31,0.996,0:00:16.418092
KNN,31,0.993,0:00:16.331324
KNN,31,0.99,0:00:16.364235
KNN,31,0.995,0:00:16.077004
KNN,31,0.995,0:00:16.320377
KNN,31,0.993,0:00:16.069026
KNN,31,0.993,0:00:16.194688
KNN,31,0.993,0:00:16.395154
KNN,31,0.994,0:00:16.294423
KNN,31,0.997,0:00:16.219622
KNN,31,0.996,0:00:16.438063
KNN,31,0.997,0:00:16.410136
KNN,31,0.997,0:00:16.253569
KNN,31,0.993,0:00:16.218626
KNN,31,0.999,0:00:16.382188
KNN,31,0.995,0:00:15.964306
KNN,31,0.992,0:00:15.871553
KNN,31,0.994,0:00:16.298413
KNN,31,0.997,0:00:16.323345
KNN,41,0.993,0:00:16.075009
KNN,41,0.994,0:00:16.285446
KNN,41,0.992,0:00:16.121885
KNN,41,0.995,0:00:16.301404
KNN,41,0.992,0:00:16.324344
KNN,41,0.993,0:00:16.692359
KNN,41,0.991,0:00:16.163771
KNN,41,0.99,0:00:16.060050
KNN,41,0.994,0:00:16.121889
KNN,41,0.998,0:00:16.129862
KNN,41,0.998,0:00:15.943361
KNN,41,0.987,0:00:16.041101
KNN,41,0.988,0:00:16.016167
KNN,41,0.992,0:00:16.074012
KNN,41,0.991,0:00:16.137841
KNN,41,0.99,0:00:15.941367
KNN,41,0.993,0:00:16.094956
KNN,41,0.987,0:00:16.099944
KNN,41,0.991,0:00:16.095954
KNN,41,0.991,0:00:16.344289
KNN,41,0.997,0:00:15.971287
KNN,41,0.989,0:00:16.729598
KNN,41,0.993,0:00:16.549175
KNN,41,0.994,0:00:16.517126
KNN,41,0.991,0:00:16.536539
KNN,41,0.995,0:00:16.521059
KNN,41,0.985,0:00:16.558431
KNN,41,0.991,0:00:16.651368
KNN,41,0.992,0:00:16.619995
KNN,41,0.996,0:00:16.537382
KNN,41,0.994,0:00:16.520851
KNN,41,0.989,0:00:16.548377
KNN,41,0.991,0:00:16.669975
KNN,41,0.991,0:00:16.476925
KNN,41,0.99,0:00:16.561407
KNN,41,0.995,0:00:16.497605
KNN,41,0.991,0:00:16.555324
KNN,41,0.988,0:00:16.337388
KNN,41,0.994,0:00:16.514636
KNN,41,0.991,0:00:16.421224
KNN,41,0.994,0:00:16.572717
KNN,41,0.992,0:00:16.493565
KNN,41,0.992,0:00:16.637029
KNN,41,0.994,0:00:16.473027
KNN,41,0.993,0:00:16.620815
KNN,41,0.991,0:00:16.457098
KNN,41,0.995,0:00:16.302194
KNN,41,0.99,0:00:16.505815
KNN,41,0.995,0:00:16.656840
KNN,41,0.996,0:00:16.566660
KNN,51,0.984,0:00:16.518690
KNN,51,0.99,0:00:16.428826
KNN,51,0.991,0:00:16.625926
KNN,51,0.993,0:00:16.392393
KNN,51,0.987,0:00:16.740508
KNN,51,0.991,0:00:16.314484
KNN,51,0.992,0:00:16.607467
KNN,51,0.992,0:00:16.592696
KNN,51,0.989,0:00:16.924617
KNN,51,0.991,0:00:16.494765
KNN,51,0.993,0:00:16.752139
KNN,51,0.99,0:00:16.507192
KNN,51,0.985,0:00:16.542905
KNN,51,0.99,0:00:16.486263
KNN,51,0.987,0:00:16.589520
KNN,51,0.981,0:00:16.501758
KNN,51,0.991,0:00:16.619804
KNN,51,0.99,0:00:16.443830
KNN,51,0.993,0:00:16.371417
KNN,51,0.991,0:00:16.459419
KNN,51,0.992,0:00:16.458481
KNN,51,0.991,0:00:16.415952
KNN,51,0.991,0:00:16.550079
KNN,51,0.99,0:00:16.342235
KNN,51,0.991,0:00:16.425752
KNN,51,0.976,0:00:16.503984
KNN,51,0.983,0:00:16.497612
KNN,51,0.992,0:00:16.359112
KNN,51,0.991,0:00:16.481001
KNN,51,0.993,0:00:16.526867
KNN,51,0.993,0:00:16.347257
KNN,51,0.994,0:00:15.997241
KNN,51,0.99,0:00:15.979269
KNN,51,0.993,0:00:16.025193
KNN,51,0.983,0:00:16.101961
KNN,51,0.993,0:00:15.927672
KNN,51,0.982,0:00:15.907349
KNN,51,0.995,0:00:16.097948
KNN,51,0.986,0:00:15.768800
KNN,51,0.993,0:00:16.970614
KNN,51,0.993,0:00:16.928699
KNN,51,0.995,0:00:16.461423
KNN,51,0.991,0:00:16.813554
KNN,51,0.984,0:00:16.385289
KNN,51,0.987,0:00:16.453744
KNN,51,0.992,0:00:16.137229
KNN,51,0.987,0:00:16.133093
KNN,51,0.989,0:00:16.125117
KNN,51,0.992,0:00:16.400226
KNN,51,0.991,0:00:16.562459
KNN,61,0.985,0:00:17.504824
KNN,61,0.979,0:00:16.133602
KNN,61,0.985,0:00:17.311586
KNN,61,0.982,0:00:16.198350
KNN,61,0.985,0:00:16.116890
KNN,61,0.988,0:00:16.300041
KNN,61,0.982,0:00:16.207103
KNN,61,0.988,0:00:16.182345
KNN,61,0.984,0:00:16.474507
KNN,61,0.987,0:00:16.346138
KNN,61,0.986,0:00:16.084726
KNN,61,0.99,0:00:16.229840
KNN,61,0.988,0:00:16.116499
KNN,61,0.987,0:00:16.087482
KNN,61,0.982,0:00:16.288681
KNN,61,0.985,0:00:16.142295
KNN,61,0.987,0:00:16.360209
KNN,61,0.982,0:00:16.374936
KNN,61,0.988,0:00:15.929503
KNN,61,0.985,0:00:16.422614
KNN,61,0.985,0:00:15.696943
KNN,61,0.984,0:00:15.882503
KNN,61,0.986,0:00:15.959319
KNN,61,0.989,0:00:16.002021
KNN,61,0.986,0:00:15.665690
KNN,61,0.987,0:00:15.915944
KNN,61,0.98,0:00:15.852310
KNN,61,0.984,0:00:15.820943
KNN,61,0.987,0:00:15.859776
KNN,61,0.987,0:00:15.965383
KNN,61,0.99,0:00:15.600284
KNN,61,0.987,0:00:15.753007
KNN,61,0.982,0:00:16.387172
KNN,61,0.983,0:00:16.180727
KNN,61,0.993,0:00:15.675103
KNN,61,0.983,0:00:15.683062
KNN,61,0.982,0:00:15.920445
KNN,61,0.989,0:00:16.298407
KNN,61,0.986,0:00:16.170754
KNN,61,0.988,0:00:15.655132
KNN,61,0.982,0:00:15.809741
KNN,61,0.987,0:00:15.538443
KNN,61,0.988,0:00:16.337308
KNN,61,0.985,0:00:15.910480
KNN,61,0.983,0:00:15.842603
KNN,61,0.987,0:00:15.787821
KNN,61,0.987,0:00:15.907487
KNN,61,0.988,0:00:16.547836
KNN,61,0.986,0:00:16.027168
KNN,61,0.986,0:00:15.788835
KNN,71,0.98,0:00:15.973286
KNN,71,0.978,0:00:15.742031
KNN,71,0.987,0:00:15.665104
KNN,71,0.985,0:00:15.594318
KNN,71,0.984,0:00:15.898684
KNN,71,0.977,0:00:15.980237
KNN,71,0.988,0:00:15.935511
KNN,71,0.983,0:00:15.568371
KNN,71,0.982,0:00:15.730947
KNN,71,0.982,0:00:15.616270
KNN,71,0.976,0:00:15.999211
KNN,71,0.984,0:00:15.615264
KNN,71,0.98,0:00:16.022242
KNN,71,0.982,0:00:16.123907
KNN,71,0.985,0:00:16.155764
KNN,71,0.983,0:00:15.798721
KNN,71,0.988,0:00:15.619201
KNN,71,0.988,0:00:15.714995
KNN,71,0.985,0:00:15.801769
KNN,71,0.985,0:00:16.446548
KNN,71,0.982,0:00:16.209649
KNN,71,0.972,0:00:15.635200
KNN,71,0.984,0:00:15.597262
KNN,71,0.979,0:00:15.972307
KNN,71,0.979,0:00:15.748882
KNN,71,0.984,0:00:15.827642
KNN,71,0.98,0:00:15.693495
KNN,71,0.981,0:00:15.860359
KNN,71,0.988,0:00:16.081078
KNN,71,0.989,0:00:15.942484
KNN,71,0.985,0:00:15.909536
KNN,71,0.983,0:00:15.930523
KNN,71,0.984,0:00:15.844597
KNN,71,0.977,0:00:15.917431
KNN,71,0.98,0:00:16.250540
KNN,71,0.982,0:00:15.976273
KNN,71,0.991,0:00:16.088945
KNN,71,0.989,0:00:16.018254
KNN,71,0.979,0:00:15.970295
KNN,71,0.984,0:00:16.225475
KNN,71,0.982,0:00:16.426132
KNN,71,0.982,0:00:18.279483
KNN,71,0.986,0:00:16.380207
KNN,71,0.985,0:00:16.112933
KNN,71,0.984,0:00:16.319907
KNN,71,0.984,0:00:15.874544
KNN,71,0.979,0:00:16.122978
KNN,71,0.981,0:00:15.917514
KNN,71,0.991,0:00:15.730046
KNN,71,0.985,0:00:16.039134
KNN,81,0.981,0:00:16.371205
KNN,81,0.983,0:00:16.044723
KNN,81,0.976,0:00:16.314389
KNN,81,0.977,0:00:16.049843
KNN,81,0.988,0:00:15.826709
KNN,81,0.99,0:00:15.814781
KNN,81,0.983,0:00:16.064067
KNN,81,0.984,0:00:16.115977
KNN,81,0.978,0:00:16.142859
KNN,81,0.983,0:00:15.857637
KNN,81,0.987,0:00:15.792787
KNN,81,0.986,0:00:15.865538
KNN,81,0.983,0:00:15.869536
KNN,81,0.986,0:00:16.326738
KNN,81,0.974,0:00:16.339157
KNN,81,0.976,0:00:16.387955
KNN,81,0.984,0:00:16.182546
KNN,81,0.974,0:00:15.811718
KNN,81,0.985,0:00:15.820717
KNN,81,0.982,0:00:15.982230
KNN,81,0.98,0:00:15.718990
KNN,81,0.976,0:00:16.074037
KNN,81,0.98,0:00:15.725944
KNN,81,0.982,0:00:15.591320
KNN,81,0.981,0:00:15.678103
KNN,81,0.985,0:00:15.487631
KNN,81,0.981,0:00:15.572383
KNN,81,0.983,0:00:15.427712
KNN,81,0.983,0:00:15.704974
KNN,81,0.981,0:00:15.707001
KNN,81,0.98,0:00:15.644995
KNN,81,0.979,0:00:15.857358
KNN,81,0.984,0:00:15.785056
KNN,81,0.988,0:00:15.911343
KNN,81,0.979,0:00:15.621335
KNN,81,0.98,0:00:15.806721
KNN,81,0.976,0:00:15.705005
KNN,81,0.977,0:00:15.914519
KNN,81,0.976,0:00:15.696467
KNN,81,0.986,0:00:15.866570
KNN,81,0.982,0:00:15.626233
KNN,81,0.981,0:00:15.871554
KNN,81,0.975,0:00:15.476605
KNN,81,0.981,0:00:15.865698
KNN,81,0.986,0:00:15.644187
KNN,81,0.986,0:00:15.748898
KNN,81,0.985,0:00:15.680158
KNN,81,0.984,0:00:15.748884
KNN,81,0.984,0:00:15.622221
KNN,81,0.986,0:00:15.758853
KNN,91,0.973,0:00:15.765836
KNN,91,0.976,0:00:15.633217
KNN,91,0.979,0:00:15.681063
KNN,91,0.977,0:00:15.786781
KNN,91,0.987,0:00:15.606291
KNN,91,0.98,0:00:15.689033
KNN,91,0.976,0:00:15.586024
KNN,91,0.98,0:00:15.649163
KNN,91,0.983,0:00:15.643164
KNN,91,0.98,0:00:15.678097
KNN,91,0.982,0:00:15.770825
KNN,91,0.974,0:00:15.577335
KNN,91,0.975,0:00:15.602299
KNN,91,0.978,0:00:15.601300
KNN,91,0.976,0:00:15.719931
KNN,91,0.978,0:00:15.462647
KNN,91,0.98,0:00:15.484589
KNN,91,0.981,0:00:15.576343
KNN,91,0.977,0:00:15.739905
KNN,91,0.976,0:00:15.604269
KNN,91,0.986,0:00:15.534426
KNN,91,0.98,0:00:15.691008
KNN,91,0.983,0:00:15.707990
KNN,91,0.981,0:00:15.644133
KNN,91,0.983,0:00:15.655160
KNN,91,0.983,0:00:15.691037
KNN,91,0.986,0:00:15.704070
KNN,91,0.982,0:00:15.662114
KNN,91,0.985,0:00:15.521512
KNN,91,0.977,0:00:15.606274
KNN,91,0.979,0:00:15.662198
KNN,91,0.976,0:00:15.490572
KNN,91,0.979,0:00:15.622213
KNN,91,0.972,0:00:15.564431
KNN,91,0.981,0:00:15.644134
KNN,91,0.977,0:00:15.716023
KNN,91,0.985,0:00:15.599282
KNN,91,0.978,0:00:15.650259
KNN,91,0.991,0:00:15.691056
KNN,91,0.979,0:00:15.843685
KNN,91,0.979,0:00:15.747950
KNN,91,0.983,0:00:15.802802
KNN,91,0.979,0:00:15.703067
KNN,91,0.982,0:00:15.866645
KNN,91,0.985,0:00:15.744861
KNN,91,0.978,0:00:15.596259
KNN,91,0.985,0:00:15.740928
KNN,91,0.975,0:00:15.698017
KNN,91,0.98,0:00:16.204688
KNN,91,0.978,0:00:15.768828
KNN,1,0.997,0:00:15.900480
KNN,1,0.996,0:00:15.573433
KNN,1,0.996,0:00:15.699013
KNN,1,0.998,0:00:15.428794
KNN,1,0.997,0:00:15.432751
KNN,1,0.999,0:00:15.552412
KNN,1,0.996,0:00:15.592401
KNN,1,0.995,0:00:15.606269
KNN,1,0.996,0:00:15.675056
KNN,1,0.995,0:00:15.497562
KNN,1,0.997,0:00:15.706989
KNN,1,0.995,0:00:15.628234
KNN,1,0.996,0:00:15.583375
KNN,1,0.996,0:00:15.678070
KNN,1,0.995,0:00:15.592327
KNN,1,0.997,0:00:15.660146
KNN,1,0.998,0:00:15.540458
KNN,1,0.994,0:00:15.569396
KNN,1,0.998,0:00:15.480598
KNN,1,0.999,0:00:15.506530
KNN,1,0.995,0:00:15.572356
KNN,1,0.998,0:00:15.364988
KNN,1,0.994,0:00:15.655140
KNN,1,0.997,0:00:15.620307
KNN,1,0.998,0:00:15.376869
KNN,1,0.995,0:00:15.530495
KNN,1,0.996,0:00:15.680102
KNN,1,0.998,0:00:15.767854
KNN,1,0.994,0:00:15.643141
KNN,1,0.997,0:00:15.583318
KNN,1,0.995,0:00:15.557459
KNN,1,0.997,0:00:15.514486
KNN,1,0.999,0:00:15.628207
KNN,1,0.996,0:00:15.649171
KNN,1,0.998,0:00:15.532458
KNN,1,0.998,0:00:15.616213
KNN,1,0.998,0:00:15.658155
KNN,1,0.994,0:00:15.654134
KNN,1,0.996,0:00:15.586348
KNN,1,0.997,0:00:15.608349
KNN,1,0.997,0:00:15.503620
KNN,1,1.0,0:00:15.501569
KNN,1,0.996,0:00:15.978314
KNN,1,0.994,0:00:15.945335
KNN,1,0.998,0:00:15.827769
KNN,1,0.996,0:00:16.268882
KNN,1,0.995,0:00:16.420840
KNN,1,0.995,0:00:15.839732
KNN,1,0.997,0:00:15.726556
KNN,1,0.997,0:00:15.709382
MLP,[1],0.84,0:45:34.086120,12001
MLP,[3],0.986,0:30:14.610343,7603
MLP,[5],0.989,0:35:18.488486,8704
MLP,[7],0.992,0:34:21.878961,8444
MLP,[9],0.995,0:38:37.695511,9336
MLP,[11],0.995,0:37:36.335399,9068
MLP,[13],0.987,0:30:52.854034,7344
MLP,[15],0.995,0:43:10.863206,10205
MLP,[17],0.99,0:35:35.935369,8306
MLP,[1],0.788,0:45:49.853215,12001
MLP,[3],0.97,0:48:05.939360,12001
MLP,[5],0.987,0:28:22.263925,6997
MLP,[7],0.993,0:38:23.676504,9429
MLP,[9],0.987,0:22:23.967061,5467
MLP,[11],0.994,0:44:03.199599,10639
MLP,[13],0.991,0:23:23.180961,5618
MLP,[15],0.989,0:31:36.216238,7508
MLP,[17],0.991,0:28:19.543183,6620
MLP,[1],0.761,0:45:35.315045,12001
MLP,[3],0.99,0:29:45.832391,7456
MLP,[5],0.971,0:08:39.463581,2114
MLP,[7],0.985,0:33:02.771312,7992
MLP,[9],0.99,0:38:11.631313,8781
MLP,[11],0.989,0:28:57.785731,6643
MLP,[13],0.994,0:33:08.467098,7621
MLP,[15],0.988,0:37:10.008951,8770
MLP,[17],0.992,0:37:29.093273,8834
MLP,|[20, 20]|,0.997,1:19:58.413510,12001
MLP,|[30, 30]|,0.995,1:14:32.650129,10267
MLP,|[40, 40]|,0.999,1:33:03.722047,12001
MLP,|[50, 50]|,0.997,1:08:23.022953,8079
MLP,|[20, 20]|,0.999,1:05:31.246676,9854
MLP,|[30, 30]|,0.994,1:26:22.912776,12001
MLP,|[40, 40]|,0.991,0:16:27.420193,2122
MLP,|[50, 50]|,0.997,1:42:34.784135,12001
MLP,|[60, 60]|,0.996,1:50:59.058944,12001
MLP,|[70, 70]|,0.999,1:58:33.512311,12001
MLP,|[80, 80]|,0.345,0:00:01.530905,1
MLP,|[90, 90]|,0.182,0:03:55.352563,335
MLP,|[60, 60]|,1.0,1:49:42.732357,12001
MLP,|[70, 70]|,0.999,1:59:06.720425,12001
MLP,|[80, 80]|,0.995,2:09:09.489526,12001
MLP,|[90, 90]|,0.425,0:58:36.264161,4987
MLP,|[100, 100]|,0.198,0:07:52.848145,365
MLP,|[110, 110]|,0.19,0:01:07.731147,49
MLP,|[120, 120]|,0.206,0:00:08.740627,5
MLP,|[100, 100]|,0.202,0:00:09.469689,6
MLP,|[110, 110]|,0.011,0:00:26.141145,18
MLP,|[120, 120]|,0.214,0:00:13.041135,8
KNN,101,0.978,0:00:17.692140
KNN,101,0.973,0:00:16.793236
KNN,101,0.976,0:00:16.945717
KNN,101,0.979,0:00:16.763276
KNN,101,0.979,0:00:16.775329
KNN,101,0.981,0:00:16.624677
KNN,101,0.988,0:00:16.851470
KNN,101,0.98,0:00:16.658347
KNN,101,0.981,0:00:17.147989
KNN,101,0.987,0:00:17.143954
KNN,111,0.973,0:00:16.614647
KNN,111,0.98,0:00:16.585142
KNN,111,0.973,0:00:16.701385
KNN,111,0.983,0:00:16.948158
KNN,111,0.985,0:00:16.682856
KNN,111,0.977,0:00:16.538906
KNN,111,0.97,0:00:16.542070
KNN,111,0.973,0:00:16.642961
KNN,111,0.978,0:00:16.754989
KNN,111,0.978,0:00:16.529530
KNN,121,0.976,0:00:16.832266
KNN,121,0.98,0:00:16.728811
KNN,121,0.975,0:00:17.117402
KNN,121,0.973,0:00:16.729238
KNN,121,0.978,0:00:17.173917
KNN,121,0.975,0:00:17.137526
KNN,121,0.978,0:00:17.196535
KNN,121,0.982,0:00:16.735278
KNN,121,0.974,0:00:16.793183
KNN,121,0.98,0:00:16.794717
KNN,131,0.976,0:00:16.592751
KNN,131,0.978,0:00:16.736965
KNN,131,0.969,0:00:17.175680
KNN,131,0.979,0:00:16.642131
KNN,131,0.97,0:00:16.663287
KNN,131,0.97,0:00:16.566235
KNN,131,0.978,0:00:16.705591
KNN,131,0.972,0:00:16.664251
KNN,131,0.979,0:00:16.635005
KNN,131,0.971,0:00:16.645010
KNN,141,0.974,0:00:16.759397
KNN,141,0.976,0:00:16.817626
KNN,141,0.967,0:00:16.747256
KNN,141,0.963,0:00:16.581399
KNN,141,0.975,0:00:16.821786
KNN,141,0.975,0:00:16.699191
KNN,141,0.974,0:00:16.905206
KNN,141,0.973,0:00:16.573935
KNN,141,0.976,0:00:16.760599
KNN,141,0.967,0:00:16.704842
DCM,-,0.889,0:00:00.052863
DCM,-,0.913,0:00:00.048841
DCM,-,0.905,0:00:00.045883
DCM,-,0.913,0:00:00.047044
DCM,-,0.907,0:00:00.045900
DCM,-,0.918,0:00:00.046849
DCM,-,0.898,0:00:00.047873
DCM,-,0.887,0:00:00.046852
DCM,-,0.907,0:00:00.046874
DCM,-,0.887,0:00:00.046874
DCM,-,0.928,0:00:00.046845
DCM,-,0.907,0:00:00.047464
DCM,-,0.9,0:00:00.046880
DCM,-,0.915,0:00:00.046896
DCM,-,0.89,0:00:00.046875
DCM,-,0.906,0:00:00.047873
DCM,-,0.917,0:00:00.047872
DCM,-,0.898,0:00:00.047267
DCM,-,0.91,0:00:00.047385
DCM,-,0.911,0:00:00.047900
DCM,-,0.904,0:00:00.047895
DCM,-,0.908,0:00:00.046852
DCM,-,0.9,0:00:00.049867
DCM,-,0.915,0:00:00.047849
DCM,-,0.916,0:00:00.047872
DCM,-,0.92,0:00:00.047325
DCM,-,0.903,0:00:00.046879
DCM,-,0.9,0:00:00.046452
DCM,-,0.907,0:00:00.047877
DCM,-,0.895,0:00:00.046875
DCM,-,0.924,0:00:00.046874
DCM,-,0.892,0:00:00.046882
DCM,-,0.915,0:00:00.048869
DCM,-,0.908,0:00:00.045877
DCM,-,0.897,0:00:00.046902
DCM,-,0.892,0:00:00.045852
DCM,-,0.908,0:00:00.048843
DCM,-,0.922,0:00:00.046850
DCM,-,0.917,0:00:00.048870
DCM,-,0.9,0:00:00.047849
DCM,-,0.905,0:00:00.048869
DCM,-,0.901,0:00:00.046900
DCM,-,0.907,0:00:00.045878
DCM,-,0.91,0:00:00.046874
DCM,-,0.907,0:00:00.047525
DCM,-,0.892,0:00:00.048307
DCM,-,0.896,0:00:00.047530
DCM,-,0.917,0:00:00.048902
DCM,-,0.905,0:00:00.046875
DCM,-,0.904,0:00:00.046851
KNN,101,0.976,0:00:16.278846
KNN,101,0.974,0:00:15.601316
KNN,101,0.985,0:00:15.950382
KNN,101,0.978,0:00:15.891531
KNN,101,0.979,0:00:15.745926
KNN,101,0.978,0:00:15.849620
KNN,101,0.981,0:00:15.803739
KNN,101,0.984,0:00:15.578371
KNN,101,0.972,0:00:16.082104
KNN,101,0.981,0:00:15.941362
KNN,101,0.986,0:00:15.795764
KNN,101,0.977,0:00:15.752850
KNN,101,0.975,0:00:15.795792
KNN,101,0.977,0:00:15.800750
KNN,101,0.986,0:00:15.625244
KNN,101,0.979,0:00:15.914424
KNN,101,0.981,0:00:15.520530
KNN,101,0.985,0:00:15.837651
KNN,101,0.97,0:00:15.801743
KNN,101,0.986,0:00:15.705024
KNN,101,0.978,0:00:15.706005
KNN,101,0.988,0:00:15.735897
KNN,101,0.972,0:00:15.702021
KNN,101,0.986,0:00:15.734927
KNN,101,0.971,0:00:15.701015
KNN,101,0.982,0:00:15.721962
KNN,101,0.974,0:00:15.757896
KNN,101,0.973,0:00:15.606299
KNN,101,0.983,0:00:15.820710
KNN,101,0.985,0:00:15.749864
KNN,101,0.977,0:00:15.600288
KNN,101,0.977,0:00:15.641201
KNN,101,0.98,0:00:15.803771
KNN,101,0.983,0:00:15.782823
KNN,101,0.983,0:00:15.633175
KNN,101,0.983,0:00:15.746919
KNN,101,0.981,0:00:15.597354
KNN,101,0.989,0:00:15.798779
KNN,101,0.983,0:00:15.838766
KNN,101,0.985,0:00:15.805766
KNN,101,0.981,0:00:15.813718
KNN,101,0.978,0:00:15.886521
KNN,101,0.977,0:00:15.637160
KNN,101,0.979,0:00:15.823690
KNN,101,0.988,0:00:15.814712
KNN,101,0.977,0:00:15.723980
KNN,101,0.981,0:00:15.736920
KNN,101,0.972,0:00:15.766870
KNN,101,0.976,0:00:15.879563
KNN,101,0.979,0:00:16.062061
KNN,101,0.974,0:00:15.841631
KNN,101,0.976,0:00:15.681043
KNN,101,0.975,0:00:15.910428
KNN,101,0.981,0:00:15.684034
KNN,101,0.985,0:00:15.610233
KNN,101,0.977,0:00:15.975290
KNN,101,0.973,0:00:15.647131
KNN,101,0.981,0:00:15.694037
KNN,101,0.973,0:00:15.758920
KNN,101,0.978,0:00:15.726956
KNN,101,0.976,0:00:15.759861
KNN,101,0.973,0:00:15.826687
KNN,101,0.969,0:00:15.572390
KNN,101,0.979,0:00:15.765858
KNN,101,0.979,0:00:15.795764
KNN,101,0.97,0:00:15.791748
KNN,101,0.975,0:00:15.765845
KNN,101,0.984,0:00:15.788782
KNN,101,0.983,0:00:15.745899
KNN,101,0.975,0:00:15.701046
KNN,101,0.981,0:00:15.901525
KNN,101,0.984,0:00:15.847655
KNN,101,0.984,0:00:15.772794
KNN,101,0.98,0:00:15.746896
KNN,101,0.984,0:00:15.730938
KNN,101,0.978,0:00:15.550470
KNN,101,0.976,0:00:15.809727
KNN,101,0.982,0:00:15.850619
KNN,101,0.979,0:00:15.736929
KNN,101,0.98,0:00:15.742905
KNN,101,0.975,0:00:15.722018
KNN,101,0.982,0:00:15.835650
KNN,101,0.974,0:00:15.768837
KNN,101,0.982,0:00:15.691045
KNN,101,0.984,0:00:15.680076
KNN,101,0.983,0:00:15.865578
KNN,101,0.976,0:00:15.705062
KNN,101,0.981,0:00:15.710022
KNN,101,0.971,0:00:15.766806
KNN,101,0.974,0:00:15.939376
KNN,111,0.976,0:00:15.875524
KNN,111,0.993,0:00:15.932399
KNN,111,0.975,0:00:15.765844
KNN,111,0.98,0:00:15.631250
KNN,111,0.988,0:00:15.880538
KNN,111,0.981,0:00:15.701019
KNN,111,0.97,0:00:15.779804
KNN,111,0.975,0:00:15.891485
KNN,111,0.975,0:00:15.887519
KNN,111,0.977,0:00:15.678074
KNN,111,0.985,0:00:15.696059
KNN,111,0.983,0:00:15.659190
KNN,111,0.967,0:00:15.819701
KNN,111,0.98,0:00:15.834703
KNN,111,0.969,0:00:15.758893
KNN,111,0.97,0:00:15.908462
KNN,111,0.971,0:00:15.746890
KNN,111,0.973,0:00:15.841641
KNN,111,0.986,0:00:15.835765
KNN,111,0.972,0:00:15.794770
KNN,111,0.978,0:00:15.666138
KNN,111,0.975,0:00:15.838650
KNN,111,0.976,0:00:15.684066
KNN,111,0.974,0:00:15.732956
KNN,111,0.975,0:00:15.829678
KNN,111,0.98,0:00:15.756840
KNN,111,0.976,0:00:15.715010
KNN,111,0.973,0:00:15.666235
KNN,111,0.976,0:00:15.665181
KNN,111,0.97,0:00:15.710105
KNN,111,0.973,0:00:15.812744
KNN,111,0.972,0:00:15.735954
KNN,111,0.968,0:00:15.736953
KNN,111,0.982,0:00:15.754874
KNN,111,0.979,0:00:15.748862
KNN,111,0.974,0:00:15.703019
KNN,111,0.975,0:00:15.723955
KNN,111,0.974,0:00:15.688107
KNN,111,0.983,0:00:15.667106
KNN,111,0.98,0:00:15.791775
KNN,111,0.971,0:00:15.870593
KNN,111,0.965,0:00:15.862613
KNN,111,0.986,0:00:15.758863
KNN,111,0.978,0:00:15.930404
KNN,111,0.982,0:00:15.840617
KNN,111,0.982,0:00:15.763850
KNN,111,0.977,0:00:15.736922
KNN,111,0.985,0:00:15.782772
KNN,111,0.984,0:00:15.578340
KNN,111,0.98,0:00:15.873555
KNN,111,0.978,0:00:15.552388
KNN,111,0.98,0:00:15.839664
KNN,111,0.975,0:00:15.548455
KNN,111,0.984,0:00:15.732961
KNN,111,0.977,0:00:15.760858
KNN,111,0.978,0:00:15.703040
KNN,111,0.973,0:00:15.825684
KNN,111,0.976,0:00:15.722955
KNN,111,0.983,0:00:15.687025
KNN,111,0.976,0:00:15.787837
KNN,111,0.977,0:00:15.709990
KNN,111,0.98,0:00:15.891509
KNN,111,0.977,0:00:15.804740
KNN,111,0.981,0:00:15.820726
KNN,111,0.977,0:00:15.713974
KNN,111,0.976,0:00:15.826652
KNN,111,0.983,0:00:15.866598
KNN,111,0.985,0:00:15.569342
KNN,111,0.978,0:00:15.652172
KNN,111,0.98,0:00:15.810719
KNN,111,0.979,0:00:15.562412
KNN,111,0.982,0:00:15.753890
KNN,111,0.974,0:00:15.522496
KNN,111,0.976,0:00:15.869590
KNN,111,0.97,0:00:15.560425
KNN,111,0.981,0:00:15.576356
KNN,111,0.981,0:00:15.631189
KNN,111,0.973,0:00:15.569398
KNN,111,0.983,0:00:15.758922
KNN,111,0.974,0:00:15.623257
KNN,111,0.975,0:00:15.763849
KNN,111,0.976,0:00:15.869599
KNN,111,0.981,0:00:15.717997
KNN,111,0.983,0:00:15.600287
KNN,111,0.979,0:00:15.643210
KNN,111,0.975,0:00:15.646161
KNN,111,0.983,0:00:15.656133
KNN,111,0.976,0:00:15.600292
KNN,111,0.974,0:00:15.770893
KNN,111,0.981,0:00:15.725979
KNN,121,0.975,0:00:15.868606
KNN,121,0.973,0:00:15.916464
KNN,121,0.971,0:00:15.778836
KNN,121,0.978,0:00:15.863583
KNN,121,0.974,0:00:15.864581
KNN,121,0.977,0:00:15.796790
KNN,121,0.986,0:00:15.764873
KNN,121,0.974,0:00:15.798754
KNN,121,0.98,0:00:15.736917
KNN,121,0.977,0:00:15.650255
KNN,121,0.974,0:00:15.665137
KNN,121,0.976,0:00:15.748914
KNN,121,0.978,0:00:15.798756
KNN,121,0.981,0:00:15.857599
KNN,121,0.971,0:00:15.723956
KNN,121,0.978,0:00:15.761856
KNN,121,0.98,0:00:15.917440
KNN,121,0.972,0:00:15.846652
KNN,121,0.965,0:00:15.662225
KNN,121,0.971,0:00:15.956335
KNN,121,0.969,0:00:15.664117
KNN,121,0.97,0:00:15.863610
KNN,121,0.981,0:00:15.870572
KNN,121,0.978,0:00:15.685083
KNN,121,0.98,0:00:15.888517
KNN,121,0.97,0:00:15.928410
KNN,121,0.982,0:00:15.854608
KNN,121,0.979,0:00:15.854607
KNN,121,0.973,0:00:15.887628
KNN,121,0.973,0:00:15.741909
KNN,121,0.979,0:00:15.705980
KNN,121,0.965,0:00:15.808730
KNN,121,0.977,0:00:15.862615
KNN,121,0.972,0:00:15.807704
KNN,121,0.977,0:00:15.843636
KNN,121,0.976,0:00:15.765844
KNN,121,0.972,0:00:15.949354
KNN,121,0.975,0:00:15.881535
KNN,121,0.984,0:00:15.797783
KNN,121,0.974,0:00:15.735901
KNN,121,0.98,0:00:15.739911
KNN,121,0.974,0:00:15.717947
KNN,121,0.977,0:00:15.776815
KNN,121,0.98,0:00:15.579367
KNN,121,0.974,0:00:15.830664
KNN,121,0.974,0:00:15.721963
KNN,121,0.982,0:00:15.779782
KNN,121,0.977,0:00:15.792801
KNN,121,0.967,0:00:15.685060
KNN,121,0.967,0:00:15.698026
KNN,121,0.975,0:00:15.798757
KNN,121,0.972,0:00:15.821695
KNN,121,0.977,0:00:15.798757
KNN,121,0.972,0:00:15.904532
KNN,121,0.965,0:00:15.667137
KNN,121,0.979,0:00:15.682068
KNN,121,0.974,0:00:15.800776
KNN,121,0.98,0:00:15.748917
KNN,121,0.98,0:00:15.591283
KNN,121,0.977,0:00:16.220657
KNN,121,0.979,0:00:16.389238
KNN,121,0.98,0:00:16.320362
KNN,121,0.979,0:00:15.953370
KNN,121,0.97,0:00:15.865577
KNN,121,0.985,0:00:16.083966
KNN,121,0.972,0:00:15.780776
KNN,121,0.974,0:00:15.611230
KNN,121,0.975,0:00:15.800776
KNN,121,0.98,0:00:15.689050
KNN,121,0.983,0:00:15.739891
KNN,121,0.967,0:00:15.832642
KNN,121,0.971,0:00:15.932376
KNN,121,0.98,0:00:15.624194
KNN,121,0.979,0:00:15.616215
KNN,121,0.976,0:00:15.677076
KNN,121,0.972,0:00:15.831673
KNN,121,0.977,0:00:15.687053
KNN,121,0.983,0:00:15.751908
KNN,121,0.977,0:00:15.847602
KNN,121,0.975,0:00:15.755871
KNN,121,0.972,0:00:15.639184
KNN,121,0.97,0:00:15.757871
KNN,121,0.976,0:00:15.788790
KNN,121,0.983,0:00:15.660158
KNN,121,0.977,0:00:15.792824
KNN,121,0.983,0:00:15.820719
KNN,121,0.975,0:00:15.673115
KNN,121,0.974,0:00:15.748928
KNN,121,0.976,0:00:15.510554
KNN,121,0.969,0:00:15.602315
KNN,131,0.964,0:00:15.703043
KNN,131,0.979,0:00:15.832721
KNN,131,0.965,0:00:15.886510
KNN,131,0.974,0:00:15.828704
KNN,131,0.963,0:00:15.596298
KNN,131,0.97,0:00:15.744955
KNN,131,0.982,0:00:15.901482
KNN,131,0.973,0:00:15.809755
KNN,131,0.98,0:00:15.863558
KNN,131,0.98,0:00:15.937390
KNN,131,0.971,0:00:15.669075
KNN,131,0.98,0:00:15.707999
KNN,131,0.976,0:00:15.798733
KNN,131,0.97,0:00:15.670073
KNN,131,0.965,0:00:15.570396
KNN,131,0.977,0:00:15.713048
KNN,131,0.971,0:00:15.704032
KNN,131,0.977,0:00:15.750936
KNN,131,0.97,0:00:15.792800
KNN,131,0.974,0:00:15.831691
KNN,131,0.974,0:00:15.842670
KNN,131,0.972,0:00:15.923422
KNN,131,0.966,0:00:15.855628
KNN,131,0.98,0:00:15.699019
KNN,131,0.984,0:00:15.614243
KNN,131,0.981,0:00:15.761830
KNN,131,0.982,0:00:15.627244
KNN,131,0.977,0:00:15.714948
KNN,131,0.979,0:00:15.750908
KNN,131,0.982,0:00:15.807708
KNN,131,0.976,0:00:15.767868
KNN,131,0.982,0:00:15.791771
KNN,131,0.971,0:00:15.760853
KNN,131,0.978,0:00:16.000245
KNN,131,0.974,0:00:15.790752
KNN,131,0.975,0:00:15.885501
KNN,131,0.973,0:00:15.747893
KNN,131,0.975,0:00:15.794767
KNN,131,0.975,0:00:15.813717
KNN,131,0.973,0:00:15.698027
KNN,131,0.966,0:00:15.682068
KNN,131,0.979,0:00:15.762853
KNN,131,0.977,0:00:15.680113
KNN,131,0.975,0:00:15.636268
KNN,131,0.971,0:00:15.581314
KNN,131,0.975,0:00:15.972293
KNN,131,0.968,0:00:15.805738
KNN,131,0.974,0:00:15.707999
KNN,131,0.976,0:00:15.762883
KNN,131,0.968,0:00:15.799729
KNN,131,0.97,0:00:15.628213
KNN,131,0.971,0:00:15.768019
KNN,131,0.979,0:00:16.527836
KNN,131,0.977,0:00:16.631535
KNN,131,0.985,0:00:16.380207
KNN,131,0.969,0:00:16.303865
KNN,131,0.967,0:00:16.110863
KNN,131,0.972,0:00:16.004264
KNN,131,0.979,0:00:15.987281
KNN,131,0.972,0:00:16.024126
KNN,131,0.974,0:00:16.053105
KNN,131,0.976,0:00:15.988278
KNN,131,0.977,0:00:16.242619
KNN,131,0.975,0:00:17.303572
KNN,131,0.962,0:00:16.080008
KNN,131,0.98,0:00:16.429378
KNN,131,0.976,0:00:16.310185
KNN,131,0.97,0:00:16.168796
KNN,131,0.977,0:00:15.928436
KNN,131,0.978,0:00:16.064053
KNN,131,0.976,0:00:15.957361
KNN,131,0.974,0:00:16.518862
KNN,131,0.966,0:00:16.458739
KNN,131,0.977,0:00:16.791731
KNN,131,0.979,0:00:16.751627
KNN,131,0.974,0:00:16.334123
KNN,131,0.976,0:00:16.521385
KNN,131,0.975,0:00:16.856354
KNN,131,0.984,0:00:16.143151
KNN,131,0.978,0:00:16.646151
KNN,131,0.978,0:00:16.549447
KNN,131,0.971,0:00:16.469170
KNN,131,0.977,0:00:16.343355
KNN,131,0.982,0:00:16.525478
KNN,131,0.975,0:00:16.525903
KNN,131,0.978,0:00:16.604502
KNN,131,0.977,0:00:16.399013
KNN,131,0.975,0:00:16.444910
KNN,131,0.972,0:00:16.600860
KNN,131,0.981,0:00:16.693671
KNN,141,0.98,0:00:16.328809
KNN,141,0.976,0:00:16.332423
KNN,141,0.977,0:00:16.637057
KNN,141,0.974,0:00:16.482622
KNN,141,0.97,0:00:16.485229
KNN,141,0.977,0:00:16.691979
KNN,141,0.968,0:00:16.825770
KNN,141,0.967,0:00:16.779255
KNN,141,0.972,0:00:16.738895
KNN,141,0.977,0:00:16.038550
KNN,141,0.967,0:00:15.961692
KNN,141,0.981,0:00:16.046610
KNN,141,0.972,0:00:15.898380
KNN,141,0.973,0:00:15.745737
KNN,141,0.977,0:00:15.848049
KNN,141,0.976,0:00:15.898875
KNN,141,0.973,0:00:16.042230
KNN,141,0.978,0:00:16.119844
KNN,141,0.97,0:00:16.017728
KNN,141,0.972,0:00:16.283792
KNN,141,0.976,0:00:16.327615
KNN,141,0.981,0:00:16.035088
KNN,141,0.973,0:00:15.958898
KNN,141,0.981,0:00:16.308946
KNN,141,0.966,0:00:16.011261
KNN,141,0.974,0:00:16.129156
KNN,141,0.966,0:00:16.024397
KNN,141,0.982,0:00:16.240892
KNN,141,0.961,0:00:16.003995
KNN,141,0.971,0:00:16.205785
KNN,141,0.969,0:00:15.818605
KNN,141,0.968,0:00:16.006461
KNN,141,0.973,0:00:16.384721
KNN,141,0.976,0:00:16.209015
KNN,141,0.969,0:00:16.215569
KNN,141,0.971,0:00:16.109415
KNN,141,0.973,0:00:16.074202
KNN,141,0.978,0:00:16.175588
KNN,141,0.977,0:00:16.265049
KNN,141,0.97,0:00:15.968358
KNN,141,0.976,0:00:15.879858
KNN,141,0.972,0:00:15.944905
KNN,141,0.971,0:00:15.839870
KNN,141,0.975,0:00:15.918062
KNN,141,0.969,0:00:15.886516
KNN,141,0.97,0:00:15.803660
KNN,141,0.979,0:00:15.994624
KNN,141,0.971,0:00:16.264228
KNN,141,0.971,0:00:16.056062
KNN,141,0.981,0:00:15.827670
KNN,141,0.973,0:00:15.825997
KNN,141,0.972,0:00:15.996327
KNN,141,0.973,0:00:16.105001
KNN,141,0.966,0:00:15.888819
KNN,141,0.973,0:00:15.966647
KNN,141,0.972,0:00:15.994432
KNN,141,0.971,0:00:15.951011
KNN,141,0.973,0:00:15.832756
KNN,141,0.973,0:00:15.797263
KNN,141,0.973,0:00:15.955731
KNN,141,0.981,0:00:15.953333
KNN,141,0.971,0:00:16.042677
KNN,141,0.98,0:00:15.882719
KNN,141,0.977,0:00:15.867606
KNN,141,0.978,0:00:15.708997
KNN,141,0.976,0:00:16.240806
KNN,141,0.97,0:00:16.093916
KNN,141,0.976,0:00:16.260248
KNN,141,0.974,0:00:15.981291
KNN,141,0.977,0:00:15.897003
KNN,141,0.972,0:00:16.015770
KNN,141,0.967,0:00:16.089595
KNN,141,0.984,0:00:15.919822
KNN,141,0.977,0:00:15.962002
KNN,141,0.97,0:00:16.161103
KNN,141,0.976,0:00:15.964524
KNN,141,0.981,0:00:15.788084
KNN,141,0.97,0:00:15.967260
KNN,141,0.977,0:00:15.994649
KNN,141,0.964,0:00:15.981825
KNN,141,0.978,0:00:15.995739
KNN,141,0.965,0:00:15.983544
KNN,141,0.98,0:00:15.931378
KNN,141,0.981,0:00:15.962859
KNN,141,0.972,0:00:16.045225
KNN,141,0.968,0:00:15.792256
KNN,141,0.968,0:00:15.846178
KNN,141,0.978,0:00:16.059502
KNN,141,0.975,0:00:15.865913
KNN,141,0.976,0:00:15.870678
MLP,[200],0.989,1:03:41.067680,8463
MLP,[220],0.985,1:34:27.720325,12001
MLP,[240],0.98,0:52:22.726373,6386
MLP,[260],0.985,0:51:53.767497,6075
MLP,[200],0.982,1:30:24.677140,12001
MLP,[220],0.988,0:45:57.728079,5828
MLP,[240],0.98,0:46:19.344849,5609
MLP,[260],0.984,1:06:36.092458,7792

KNN,1,0,0.99736,0:08:23.056153
KNN,1,1,0.99732,0:08:21.324750
KNN,1,2,0.99744,0:08:25.119476
KNN,1,3,0.9974,0:08:24.507380
KNN,1,4,0.99772,0:08:21.483451
KNN,1,5,0.9976,0:08:20.214882
KNN,1,6,0.99756,0:08:21.076567
KNN,1,7,0.99764,0:08:27.256832
KNN,1,8,0.99712,0:08:25.694143
KNN,1,9,0.99744,0:08:34.802015
KNN,1,10,0.99748,0:08:21.088457
KNN,1,11,0.99724,0:08:20.497910
KNN,1,12,0.99764,0:08:25.461642
KNN,1,13,0.9976,0:08:22.762939
KNN,1,14,0.99744,0:08:26.126821
KNN,1,15,0.99764,0:08:21.780622
KNN,1,16,0.99724,0:08:21.238165
KNN,1,17,0.99748,0:08:19.830931
KNN,1,18,0.9978,0:08:27.961014
KNN,1,19,0.99768,0:08:19.575442
KNN,1,20,0.9976,0:08:15.045481
KNN,1,21,0.99764,0:08:22.157522
KNN,1,22,0.99728,0:08:22.101573
KNN,1,23,0.9978,0:08:24.072417
KNN,1,24,0.99768,0:08:22.811883
KNN,1,25,0.99748,0:08:21.189033
KNN,1,26,0.99728,0:08:18.960127
KNN,1,27,0.99784,0:08:23.184964
KNN,1,28,0.99744,0:08:20.638468
KNN,1,29,0.99776,0:08:26.753360
KNN,1,30,0.99712,0:08:24.514178
KNN,1,31,0.99744,0:08:20.281560
KNN,1,32,0.99744,0:08:18.093691
KNN,1,33,0.99776,0:08:30.422343
KNN,1,34,0.99768,0:08:19.319103
KNN,1,35,0.9978,0:08:19.717946
KNN,1,36,0.99748,0:08:20.034287
KNN,1,37,0.99748,0:08:21.534090
KNN,1,38,0.99732,0:08:16.949528
KNN,1,39,0.99772,0:08:20.146967
KNN,1,40,0.99716,0:08:16.271250
KNN,1,41,0.99728,0:08:17.187817
KNN,1,42,0.99748,0:08:24.897048
KNN,1,43,0.9978,0:08:21.075443
KNN,1,44,0.99764,0:08:19.837922
KNN,1,45,0.99748,0:08:21.512263
KNN,1,46,0.99764,0:08:26.064103
KNN,1,47,0.99752,0:08:25.329249
KNN,1,48,0.99732,0:08:23.451986
KNN,1,49,0.9972,0:08:19.325282
KNN,11,0,0.99744,0:08:21.529141
KNN,11,1,0.99752,0:08:18.426604
KNN,11,2,0.99748,0:08:20.482853
KNN,11,3,0.9974,0:08:18.795365
KNN,11,4,0.99724,0:08:17.813905
KNN,11,5,0.9972,0:08:21.909981
KNN,11,6,0.99756,0:08:26.602711
KNN,11,7,0.9976,0:08:22.768872
KNN,11,8,0.99736,0:08:25.468744
KNN,11,9,0.99712,0:08:26.834252
KNN,11,10,0.99748,0:08:22.426075
KNN,11,11,0.99712,0:08:24.461449
KNN,11,12,0.99696,0:08:16.164765
KNN,11,13,0.99724,0:08:20.370097
KNN,11,14,0.9974,0:08:19.521640
KNN,11,15,0.99724,0:08:25.690298
KNN,11,16,0.997,0:08:17.144109
KNN,11,17,0.99728,0:08:21.137045
KNN,11,18,0.9972,0:08:17.254585
KNN,11,19,0.99704,0:08:26.328305
KNN,11,20,0.99728,0:08:21.230851
KNN,11,21,0.99688,0:08:21.078492
KNN,11,22,0.99728,0:08:24.636937
KNN,11,23,0.99748,0:08:23.265509
KNN,11,24,0.99768,0:08:21.171486
KNN,11,25,0.9972,0:08:21.659068
KNN,11,26,0.99736,0:08:31.089987
KNN,11,27,0.99764,0:08:18.385376
KNN,11,28,0.99732,0:08:19.134791
KNN,11,29,0.997,0:08:25.265129
KNN,11,30,0.99724,0:08:23.315550
KNN,11,31,0.9976,0:08:27.002472
KNN,11,32,0.9976,0:08:22.226108
KNN,11,33,0.99728,0:08:16.979400
KNN,11,34,0.99688,0:08:25.364897
KNN,11,35,0.99756,0:08:25.479749
KNN,11,36,0.99732,0:08:15.304939
KNN,11,37,0.99704,0:08:24.591866
KNN,11,38,0.99772,0:08:18.516267
KNN,11,39,0.99708,0:08:18.489423
KNN,11,40,0.99716,0:08:20.183011
KNN,11,41,0.99704,0:08:18.378518
KNN,11,42,0.99748,0:08:22.086673
KNN,11,43,0.997,0:08:22.543333
KNN,11,44,0.99708,0:08:24.792325
KNN,11,45,0.99684,0:08:20.703509
KNN,11,46,0.99732,0:08:29.965810
KNN,11,47,0.9972,0:08:25.600678
KNN,11,48,0.99768,0:08:23.848327
KNN,11,49,0.99748,0:08:21.872295
MLP,|[70, 70]|,0,0.9984,3:01:45.721853,14001
MLP,|[70, 70]|,1,0.998,3:01:47.417723,14001
MLP,|[70, 70]|,2,0.99764,3:01:49.203579,14001
MLP,|[70, 70]|,3,0.99804,3:01:50.904666,14001
MLP,|[70, 70]|,4,0.99792,3:01:52.645923,14001
MLP,|[70, 70]|,5,0.99812,3:01:54.402907,14001
MLP,|[70, 70]|,6,0.99784,3:01:56.138529,14001
MLP,|[70, 70]|,7,0.99804,3:01:57.856823,14001
MLP,|[70, 70]|,8,0.99808,3:01:59.561154,14001
MLP,|[70, 70]|,9,0.9978,3:02:01.264023,14001
MLP,|[70, 70]|,10,0.99832,3:02:03.023862,14001
MLP,|[70, 70]|,11,0.99772,3:02:04.769089,14001
MLP,|[70, 70]|,12,0.99808,3:02:06.505426,14001
MLP,|[70, 70]|,13,0.99784,3:02:08.222243,14001
MLP,|[70, 70]|,14,0.99788,3:02:09.916819,14001
MLP,|[70, 70]|,15,0.99804,3:02:11.645975,14001
MLP,|[70, 70]|,16,0.99812,3:02:13.341378,14001
MLP,|[70, 70]|,17,0.99808,3:02:15.062418,14001
MLP,|[70, 70]|,18,0.99812,3:02:16.804886,14001
MLP,|[70, 70]|,19,0.99784,3:02:18.504671,14001
MLP,|[70, 70]|,20,0.99796,3:02:20.195593,14001
MLP,|[70, 70]|,21,0.99828,3:02:21.905440,14001
MLP,|[70, 70]|,22,0.99808,3:02:23.613907,14001
MLP,|[70, 70]|,23,0.99816,3:02:25.320024,14001
MLP,|[70, 70]|,24,0.99764,3:02:27.080504,14001
MLP,|[70, 70]|,25,0.99812,3:02:28.800561,14001
MLP,|[70, 70]|,26,0.99816,3:02:30.491641,14001
MLP,|[70, 70]|,27,0.99792,3:02:32.192636,14001
MLP,|[70, 70]|,28,0.99796,3:02:33.890398,14001
MLP,|[70, 70]|,29,0.99776,3:02:35.606760,14001
MLP,|[70, 70]|,30,0.99784,3:02:37.303928,14001
MLP,|[70, 70]|,31,0.99828,3:02:39.002049,14001
MLP,|[70, 70]|,32,0.99784,3:02:40.781870,14001
MLP,|[70, 70]|,33,0.998,3:02:42.469458,14001
MLP,|[70, 70]|,34,0.99832,3:02:44.162075,14001
MLP,|[70, 70]|,35,0.99816,3:02:45.859657,14001
MLP,|[70, 70]|,36,0.99772,3:02:47.581804,14001
MLP,|[70, 70]|,37,0.99864,3:02:49.280803,14001
MLP,|[70, 70]|,38,0.9978,3:02:50.985988,14001
MLP,|[70, 70]|,39,0.998,3:02:52.748849,14001
MLP,|[70, 70]|,40,0.99768,3:02:54.463862,14001
MLP,|[70, 70]|,41,0.99804,3:02:56.161402,14001
MLP,|[70, 70]|,42,0.99808,3:02:57.867466,14001
MLP,|[70, 70]|,43,0.99836,3:02:59.557849,14001
MLP,|[70, 70]|,44,0.99812,3:03:01.282275,14001
MLP,|[70, 70]|,45,0.99784,3:03:02.982557,14001
MLP,|[70, 70]|,46,0.99808,3:03:04.773075,14001
MLP,|[70, 70]|,47,0.99784,3:03:06.470186,14001
MLP,|[70, 70]|,48,0.99832,3:03:08.189396,14001
MLP,|[70, 70]|,49,0.99792,3:03:09.887458,14001
MLP,|[15, 15]|,0.998,1:16:31.056781,12001
MLP,|[15, 15]|,0.996,1:16:19.364362,12001
MLP,|[17, 17]|,0.998,1:17:10.437871,12001
MLP,|[15, 15]|,0.993,0:14:32.403666,2284
MLP,|[17, 17]|,0.997,1:17:14.937332,12001
